 <table2>
  <admission>
    <information sr="1">
       <slno> 23 </slno>
       <name>John Carter</name>
       <admissiondate>25/12/2015</admissiondate>
    </information>   
    <information sr="2">
       <slno> 29 </slno>
       <name>Bob marsahal</name>
       <admissiondate>13/01/1999</admissiondate>
    </information> 
    <information sr="3">
       <slno> 35 </slno>
       <name>Clark Kent</name>
       <admissiondate>17/06/2005</admissiondate>
    </information> 
  </admission>
</table2>